Rydberg_B_MHz,fidelity,T_gate,tau_ratio,amp_Omega_r,amp_Delta_r
50,0.999002632325133,1.7307670032816178,0.33756423057844187,111.28523676887397,115.43805278158202
