Rydberg_B_MHz,fidelity,T_gate,tau_ratio,amp_Omega_r,amp_Delta_r
50,0.9995169838565365,0.9196352146993625,0.18057568232098853,122.61420654454973,121.88236821296664
