Rydberg_B_MHz,fidelity,T_gate,tau_ratio,amp_Omega_r,amp_Delta_r
50,0.9993735861512729,1.1328057712905046,0.16338568296243566,116.57042206080905,111.45007602038861
