Rydberg_B_MHz,fidelity,T_gate,tau_ratio,amp_Omega_r,amp_Delta_r
100,0.9995467701696052,0.9265145355186439,0.175,177.99873919995184,146.88971785213874
