Rydberg_B_MHz,fidelity,T_gate,tau_ratio,amp_Omega_r,amp_Delta_r
0.0,0.6493084068978694,0.38049266646982666,0.189757891463256,62.83224886302166,123.16771112071376
50.0,0.9818785814107214,0.4123180163132533,0.11828094474289601,62.83651982261146,147.5986998206712
100.0,0.9817100949465686,0.4564122811345328,0.2785222481418632,62.83185307179586,110.92162233804525
200.0,0.9952395641656601,0.45912943853887045,0.2850165921479497,62.83185307179586,109.65134838946739
300.0,0.9977239876207158,0.4730720447874421,0.25601890203966404,62.83185307179586,106.67163582188672
400.0,0.9974017828461932,0.7393280099873754,0.14455263367462606,72.23334412083278,110.32309787704021
499.99999999999994,0.9985854830950243,0.7310101638138585,0.16627473675089932,62.83269614830848,83.19194760899535
600.0,0.9984178052073472,0.8622047180217087,0.1754816342191346,62.854474707945506,80.3359441975855
