amp_Omega_01,fidelity,sigma,t0
0.25,1.0000000366025137,5.013224659597231,6.0
0.5,1.0000000365406347,2.5066530065959887,6.0
0.75,1.0000000363902222,1.6710560305570423,6.0
1.0,1.0000000364236026,1.2532935677921144,6.0
1.25,1.0000000357709427,1.0026183361273706,6.0
1.5,1.0000000357732326,0.8355153161197302,6.0
