Rydberg_B_MHz,fidelity,T_gate,tau_ratio,amp_Omega_r,amp_Delta_r
50,0.9993842919526265,1.1819806712702452,0.13181662735198435,126.47910423191257,146.73945384739193
