Rydberg_B_MHz,fidelity,T_gate,tau_ratio,amp_Omega_r,amp_Delta_r
100,0.999555081844852,0.696500271703685,0.36735197214378257,179.547471653647,85.64471732730803
